App Name,Developer Name,App Store URL,Developer Website,Rating,Last Updated Date
Apple Fitness,Apple,https://apps.apple.com/us/app/apple-fitness/id1208224953?uo=4,,2.86371,2026-03-07
Home Fitness for Weight Loss,MONTIBUS LTD,https://apps.apple.com/us/app/home-fitness-for-weight-loss/id1215301573?uo=4,https://verv.com,4.58312,2024-02-14
Full Fitness : Workout Trainer,Fulminare Holdings,https://apps.apple.com/us/app/full-fitness-workout-trainer/id536049508?uo=4,,4.36968,2024-07-13
Keelo - Strength HIIT Workouts,"Throwdown Labs, Inc",https://apps.apple.com/us/app/keelo-strength-hiit-workouts/id1004824537?uo=4,http://keelo.com,4.79842,2021-10-30
Fitness Buddy+ Workout Trainer,"Kodeon, Inc.",https://apps.apple.com/us/app/fitness-buddy-workout-trainer/id443646748?uo=4,,4.82,2024-05-20
Idle Gym - Fitness Simulation,Yojoy,https://apps.apple.com/us/app/idle-gym-fitness-simulation/id1470373007?uo=4,http://www.yomob.com,4.7885,2021-04-14
Idle Fitness Gym Tycoon - Game,Codigames,https://apps.apple.com/us/app/idle-fitness-gym-tycoon-game/id1478629374?uo=4,http://codigames.com,4.74498,2024-04-12
Empire - Productivity Manager,Jamie Kang,https://apps.apple.com/us/app/empire-productivity-manager/id1634898254?uo=4,,4.25,2022-10-09
Productivity Page,Gabriel Catalfo,https://apps.apple.com/us/app/productivity-page/id6470702399?uo=4,,5,2024-03-11
Productive Time,Timo Geiling,https://apps.apple.com/us/app/productive-time/id6475698456?uo=4,,0,2025-03-27
Blue Productivity,INUI S.A.S,https://apps.apple.com/us/app/blue-productivity/id6758488597?uo=4,https://blueprod.org,0,2026-03-05
Productivity Journal,Dmitrijus Drozdovas,https://apps.apple.com/us/app/productivity-journal/id1180425019?uo=4,https://journal.ninja,5,2018-12-11
Productivity Master Class,MOHAMMAD H JAFARI,https://apps.apple.com/us/app/productivity-master-class/id6736612046?uo=4,https://victoriadigitalagency.com,0,2024-10-07
Productivity Tree,Jeffrey Leary,https://apps.apple.com/us/app/productivity-tree/id1558714665?uo=4,,5,2021-03-17
Production Time Study,Gustavo Sousa,https://apps.apple.com/us/app/production-time-study/id1079985359?uo=4,http://gustavoy1.wix.com/mainmenu,4.63063,2021-12-16
Workfast - Team productivity,Pepul Tech Private Limited,https://apps.apple.com/us/app/workfast-team-productivity/id6504078096?uo=4,https://www.workfast.ai/,0,2026-03-05
DayNinja - Flow & Focus Timer+,Envisage Apps,https://apps.apple.com/us/app/dayninja-flow-focus-timer/id1163539295?uo=4,https://theDayNinja.com,4,2021-07-20
Move On - Productivity Timer,Ivan Orlov,https://apps.apple.com/us/app/move-on-productivity-timer/id1323419635?uo=4,,4.63587,2021-12-07
Focus: Be Productive,Somei LLC,https://apps.apple.com/us/app/focus-be-productive/id6463467300?uo=4,,5,2023-09-19
ETS - Mobile,eLeaderTech Inc.,https://apps.apple.com/us/app/ets-mobile/id1073366270?uo=4,http://eleadertech.com,5,2023-12-14
Focus for Productivity: MaxFoc,Estrella Limited,https://apps.apple.com/us/app/focus-for-productivity-maxfoc/id6744291790?uo=4,,0,2025-06-09
Chameel: Adaptive Productivity,Lauren Byrne,https://apps.apple.com/us/app/chameel-adaptive-productivity/id6749282624?uo=4,,0,2025-10-19
Swift: Track Your Productivity,Pixels Solution LTD,https://apps.apple.com/us/app/swift-track-your-productivity/id6755123326?uo=4,https://myswift.app/,0,2026-03-07
What's Next? (productivity),Jelani John,https://apps.apple.com/us/app/whats-next-productivity/id6466779495?uo=4,,0,2025-08-08
Oops­,"Oops Finance, Inc.",https://apps.apple.com/us/app/oops/id1593466495?uo=4,http://oops.app,3.65801,2024-06-26
