Brand Name,Website,Email Contact,Contact Title/Type,Industry Segment,Approximate Store Count/Regions,Why They'd Benefit from UGC,Current UGC Strategy
H&M,hm.com,press.us@hm.com,Press/Marketing Team,Fast Fashion,"5000+ stores globally, major presence in US & Europe","Strong social media presence but limited on-site UGC integration. Large customer base creating content daily that could drive conversions if showcased on product pages and store locators.","Limited - mainly reposts on Instagram, no visible UGC widget on site"
Zara,zara.com,communication@zara.com,Communications Team,Fast Fashion,"2000+ stores in 96 countries, strong US & Europe","Minimal UGC on site despite massive social media following. Premium positioning would benefit from authentic customer styling content to drive purchase decisions.","None visible - very minimal social integration despite strong Instagram presence"
Uniqlo,uniqlo.com,customerservice@uniqlo.com,Customer Service/Marketing,Fast Fashion,"2400+ stores, US, Europe, Asia","Focuses on basics and versatility - perfect for styling UGC. Lacks social proof on product pages despite customers sharing #MyUniqlo content.","Limited Instagram hashtag campaigns but no on-site integration"
Lululemon,lululemon.com,partnerships@lululemon.com,Partnerships Team,Athleisure,"600+ stores US/Canada/Europe/Asia","Community-driven brand with #thesweatlife content. Already has ambassador program but could leverage customer content better on e-commerce pages.","Moderate - features ambassadors and some UGC in campaigns but limited product page integration"
Mango,mango.com,customerservice@mango.com,Customer Service,Fast Fashion,"2700+ stores, strong European presence","Spanish fast fashion with contemporary appeal. Growing US presence could benefit from authentic customer content to build trust and demonstrate styling.","Minimal - occasional campaign hashtags but no consistent UGC strategy visible"
Forever 21,forever21.com,customerservice@forever21.com,Customer Service/Marketing,Fast Fashion,"400+ stores post-restructuring, US focused","Young demographic highly active on social media. Post-bankruptcy brand refresh could leverage UGC to rebuild trust and showcase real customer experiences.","Limited - social media presence but no visible on-site UGC integration"
Pull&Bear,pullandbear.com,customerservice@pullandbear.com,Customer Service,Fast Fashion,"900+ stores, primarily Europe","Inditex brand targeting younger demographic. Could differentiate from sibling brands (Zara) with authentic peer content showcasing casual lifestyle.","None visible - minimal UGC integration despite young target audience"
Bershka,bershka.com,customerservice@bershka.com,Customer Service,Fast Fashion/Streetwear,"1000+ stores, Europe/Middle East/Asia","Trendy fast fashion for Gen Z. Perfect demographic for UGC missions - highly engaged on social, could gamify content creation.","Minimal - social media campaigns but no on-site UGC widget"
Athleta,athleta.com,athleta@gap.com,General Inquiries,Athleisure,"200+ stores, US focused","Gap-owned athleisure brand competing with Lululemon. Strong community focus (#PowerOfShe) but lacks customer content on product pages to drive conversions.","Limited campaign UGC but minimal product page integration"
Gymshark,gymshark.com,press@gymshark.com,Press Team,Athleisure/Sportswear,"Opening physical stores, primarily DTC","Built on influencer marketing but expanding retail. UGC widget could bridge online community content with in-store experience as they grow physical presence.","Strong influencer focus but limited everyday customer UGC on site"
& Other Stories,stories.com,customerservice@stories.com,Customer Service,Contemporary,"120+ stores, Europe & US","COS sister brand with artistic positioning. Sophisticated customers creating lookbook-worthy content that would enhance brand aesthetic on site.","Minimal - occasional styled content but no systematic UGC integration"
COS,cosstores.com,customer.service@cosstores.com,Customer Service,Contemporary,"270+ stores, global presence","Minimalist aesthetic brand. Customer styling content would demonstrate versatility of pieces and appeal to design-conscious audience.","None visible - very minimal despite strong brand aesthetic"
Arket,arket.com,customerservice@arket.com,Customer Service,Contemporary,"30+ stores, Nordic focused expansion","H&M Group's lifestyle brand. Community-focused positioning perfect for UGC, but currently lacks customer content showcasing products in everyday life.","Minimal - occasional campaigns but no consistent UGC strategy"
Whistles,whistles.com,customerservices@whistles.com,Customer Service,Contemporary,"50+ stores, UK focused","British contemporary brand with sophisticated customer base. Limited online social proof despite loyal following who would create quality content.","None visible - could benefit significantly from UGC"
Reiss,reiss.com,customerservice@reiss.com,Customer Service,Contemporary,"200+ stores, UK & international","Premium contemporary brand expanding globally. Lacks social proof on product pages despite professional customer base who would generate aspirational content.","Minimal - limited social integration despite premium positioning"
AllSaints,allsaints.com,customercare@allsaints.com,Customer Care,Contemporary,"250+ stores, UK/US/Europe","Distinctive rock-inspired aesthetic. Customers with strong personal style who would create on-brand content if incentivized through UGC missions.","Limited - some campaign content but no product page UGC"
Ted Baker,tedbaker.com,webcare@tedbaker.com,Web Care Team,Contemporary,"500+ stores globally","British brand with quirky personality. Post-restructuring could use authentic customer content to rebuild brand connection and demonstrate product quality.","Minimal - occasional social campaigns but limited integration"
French Connection,frenchconnection.com,ecommerce@frenchconnection.com,E-commerce Team,Contemporary,"200+ stores, UK focused","Heritage brand modernizing. UGC could help demonstrate contemporary relevance and how classic pieces work in current styling.","None visible - traditional marketing approach"
Scotch & Soda,scotch-soda.com,customerservice@scotch-soda.com,Customer Service,Contemporary,"200+ stores, Europe/US","Dutch brand with Amsterdam roots. Artistic customer base would create compelling content showcasing brand's unique aesthetic and craftsmanship.","Minimal - limited UGC despite creative brand positioning"
Urban Outfitters,urbanoutfitters.com,customerservice@urbanoutfitters.com,Customer Service,Lifestyle/Streetwear,"200+ stores, US/Europe","Lifestyle brand for creative youth. Already UGC-friendly demographic but lacks systematic integration of customer content on product pages.","Moderate - some social integration but inconsistent, could be much stronger"
American Eagle,ae.com,customerservice@ae.com,Customer Service,Casual Wear,"900+ stores, primarily US","Denim-focused with #AExME campaign history. Large young customer base creating content daily that could be better leveraged on site for conversion.","Moderate - had #AExME campaign but inconsistent on-site UGC display"
Hollister,hollister.com,customer_service@hollister.com,Customer Service,Casual/Beach Wear,"550+ stores, US/Europe/Asia","Abercrombie & Fitch's younger brand. California lifestyle positioning perfect for UGC missions encouraging beach/surf/lifestyle content around products.","Limited - social presence but minimal on-site customer content integration"
Abercrombie & Fitch,abercrombie.com,customer_service@abercrombie.com,Customer Service,Casual Wear,"850+ stores globally","Brand turnaround success story. Could amplify transformation with authentic customer content showcasing new sophisticated casual aesthetic.","Limited - traditional marketing despite brand evolution"
PacSun,pacsun.com,guestservices@pacsun.com,Guest Services,Streetwear/Surf,"400+ stores, primarily US","California lifestyle brand targeting Gen Z. Perfect demographic for UGC missions with gamification around skate/surf/street culture.","Limited - social media presence but no visible UGC widget integration"
Zumiez,zumiez.com,custserv@zumiez.com,Customer Service,Streetwear/Skate,"700+ stores, North America","Skate and streetwear retailer. Community-focused demographic highly engaged in content creation that could be leveraged for authentic brand storytelling.","Minimal - community focused but lacks systematic UGC integration"
Anthropologie,anthropologie.com,customerservice@anthropologie.com,Customer Service,Lifestyle/Bohemian,"200+ stores, US focused","Curated lifestyle brand with aesthetically-minded customers. Strong potential for beautiful UGC that aligns with brand's artistic positioning.","Limited - some styled content but could leverage customer content much more effectively"
Free People,freepeople.com,customerservice@freepeople.com,Customer Service,Bohemian/Festival,"140+ stores, US focused","Bohemian brand with highly engaged Instagram community. Customers already creating festival/lifestyle content that could drive conversions if showcased.","Moderate - FP Movement has some UGC but main brand could integrate better"
Aritzia,aritzia.com,clientservices@aritzia.com,Client Services,Contemporary,"100+ stores, US/Canada","Canadian contemporary brand expanding in US. Loyal cult following creating daily outfit content that could boost brand awareness and drive sales.","Limited - strong organic social UGC but minimal on-site integration"
Revolve,revolve.com,customerservice@revolve.com,Customer Service,Contemporary/Online,"2 stores, primarily e-commerce","#RevolveFestival influencer events, but lacks everyday customer content. Physical store expansion could benefit from UGC bridging online community with retail.","Strong influencer strategy but limited authentic customer UGC on site"
Levi's,levi.com,consumerservices@levi.com,Consumer Services,Denim,"3000+ stores and shop-in-shops globally","Heritage denim brand. Customers passionate about their Levi's fits - UGC showing real people and diverse body types would enhance product pages significantly.","Limited - #LiveInLevis campaign but inconsistent on-site customer content"
Diesel,diesel.com,client.service@diesel.com,Client Service,Denim/Streetwear,"400+ stores, global presence","Premium denim with bold aesthetic. Edgy customers would create compelling content if incentivized, enhancing brand's rebellious positioning.","Minimal - campaign-driven but lacks ongoing customer UGC integration"
G-Star RAW,g-star.com,customercare@g-star.com,Customer Care,Denim,"6000+ stores globally (incl shop-in-shops)","Raw denim specialists with architectural approach. Technical customers would create detailed content around fit and construction if engaged through missions.","Minimal - product-focused marketing, missing customer authenticity"
True Religion,truereligion.com,customerservice@truereligion.com,Customer Service,Premium Denim,"100+ stores, US focused","Premium denim brand rebuilding after restructuring. UGC could demonstrate product quality and rebuild brand credibility through authentic customer testimonials.","None visible - traditional marketing approach"
Sandro,sandro-paris.com,eservice@sandro-paris.com,E-service,Affordable Luxury,"600+ stores, Europe/US/Asia","French affordable luxury. Chic customers would generate aspirational content demonstrating Parisian style that aligns with brand positioning.","Minimal - limited customer content despite fashion-forward demographic"
Maje,maje.com,serviceclient@maje.com,Client Service,Affordable Luxury,"600+ stores, global","French contemporary brand. Sophisticated customer base creating styled content that would enhance online shopping experience with real-life context.","Limited - occasional campaigns but no systematic product page UGC"
Claudie Pierlot,claudiepierlot.com,serviceclient@claudiepierlot.com,Client Service,Affordable Luxury,"400+ stores, primarily Europe","Parisian brand with feminine aesthetic. Customers would create elegant content showcasing versatility of pieces across occasions.","Minimal - missing opportunity for customer content integration"
ba&sh,ba-sh.com,contact@ba-sh.com,General Contact,Affordable Luxury,"600+ stores, global expansion","French brand with effortless chic positioning. Growing US presence would benefit from authentic customer styling content building brand awareness.","Limited - social presence but minimal on-site UGC strategy"
Superdry,superdry.com,customerservice@superdry.com,Customer Service,Casual/Streetwear,"220+ stores, UK/Europe/Asia","British brand with Japanese-inspired graphics. Active lifestyle customers would create dynamic content around outdoor and urban settings.","Minimal - limited UGC integration despite active customer base"
Desigual,desigual.com,customerservice@desigual.com,Customer Service,Contemporary,"400+ stores, Spain/Europe focused","Spanish brand with bold colorful designs. Distinctive aesthetic attracts creative customers who would generate vibrant lifestyle content.","Limited - some campaign content but no consistent UGC strategy"
Tommy Hilfiger,tommy.com,customerservice@tommy.com,Customer Service,Premium Casual,"1400+ stores globally","American heritage brand with preppy positioning. Diverse global customer base would create content demonstrating brand's versatility across markets.","Moderate - #TommyJeans campaigns but main line could integrate UGC better"
Calvin Klein,calvinklein.com,CustomerService@calvinklein.com,Customer Service,Premium Casual/Underwear,"1100+ stores globally","Minimalist American brand. Clean aesthetic perfect for customer content showcasing products in daily life, especially underwear/basics categories.","Limited - celebrity campaigns but lacks everyday customer content"
Guess,guess.com,custserv@guess.com,Customer Service,Contemporary,"1068+ stores, global","Glamorous American brand. Fashion-forward customers would create aspirational content if incentivized, especially around denim and occasion wear.","Minimal - traditional marketing approach despite young demographic"
Massimo Dutti,massimodutti.com,customerservice@massimodutti.com,Customer Service,Contemporary/Tailoring,"760+ stores, primarily Europe","Inditex's sophisticated brand. Professional customer base would generate quality lifestyle content demonstrating workwear and weekend styling.","None visible - minimal social integration despite professional positioning"
Nordstrom,nordstrom.com,online@nordstrom.com,Online Team,Department Store,"350+ stores, US/Canada","Premium department store with strong customer service reputation. Multi-brand environment perfect for UGC showing styling across different brands carried.","Limited - some brand campaigns but lacks systematic customer content across departments"
Bloomingdale's,customerservice@bloomingdales.com,Customer Service,Department Store,"33 stores, US premium locations","Macy's-owned upscale retailer. Fashion-forward customer base in major cities would create quality content for luxury and contemporary brands carried.","Minimal - traditional department store approach missing UGC opportunity"
Selfridges,customerservices@selfridges.co.uk,Customer Services,Department Store,"4 flagship stores, UK","Iconic British retailer known for experiences. Experiential focus perfect for UGC missions around in-store installations and product discoveries.","Limited - experiential marketing but missing customer content integration"
Galeries Lafayette,contact@galerieslafayette.com,General Contact,Department Store,"60+ stores, France/Europe/International","French department store icon. Fashion-capital customer base would generate aspirational content around Parisian shopping experience.","Minimal - traditional luxury retail approach"
Fabletics,service@fabletics.com,Customer Service,Athleisure,"70+ stores, US focused","Kate Hudson's activewear brand with subscription model. Membership community perfect for UGC missions driving engagement and retention.","Moderate - some customer content but could gamify UGC creation through missions"
Outdoor Voices,hello@outdoorvoices.com,General Inquiry,Athleisure,"Stores in key US cities, primarily DTC","#DoingThings campaign brand. Community-driven positioning perfect for UGC missions around recreational activities and outdoor lifestyle.","Moderate - #DoingThings has UGC but inconsistent integration on product pages"
Vuori,hello@vuori.com,General Inquiry,Athleisure,"50+ stores and growing, US focused","California performance brand. Active lifestyle customers creating yoga/surf/run content daily that could enhance product storytelling.","Limited - growing brand could establish strong UGC foundation early"
Alo Yoga,hello@aloyoga.com,General Inquiry,Athleisure/Yoga,"80+ stores, US focused","Yoga and mindfulness lifestyle brand. Engaged community creating wellness content that could be leveraged for authentic brand storytelling.","Moderate - ambassador program but limited everyday customer UGC on site"